Metric,Value
True Negatives,104156.0
False Positives,90.0
False Negatives,595.0
True Positives,1266.0
AUC-ROC,0.97653488081446
Precision (0),0.9943198632948611
Recall (0),0.9991366575216315
F1-Score (0),0.9967224409919759
Precision (1),0.9336283185840708
Recall (1),0.6802794196668458
F1-Score (1),0.787068697544296
