Metric,Value
True Negatives,56217.0
False Positives,135.0
False Negatives,447.0
True Positives,448.0
AUC-ROC,0.9589852511269942
Precision (0),0.9921113934773401
Recall (0),0.9976043441226575
F1-Score (0),0.9948502866850711
Precision (1),0.7684391080617495
Recall (1),0.5005586592178771
F1-Score (1),0.6062246278755075
