Metric,Value
True Negatives,104132.0
False Positives,114.0
False Negatives,218.0
True Positives,2025.0
AUC-ROC,0.9702535385430305
Precision (0),0.9979108768567322
Recall (0),0.9989064328607332
F1-Score (0),0.9984084066808567
Precision (1),0.9467040673211781
Recall (1),0.9028087382969238
F1-Score (1),0.9242355089000457
