Metric,Value
True Negatives,56270.0
False Positives,82.0
False Negatives,290.0
True Positives,605.0
AUC-ROC,0.985332657612644
Precision (0),0.9948727015558698
Recall (0),0.9985448608745031
F1-Score (0),0.9967053988947144
Precision (1),0.8806404657933042
Recall (1),0.6759776536312849
F1-Score (1),0.7648546144121365
