Metric,Value
True Negatives,104180.0
False Positives,66.0
False Negatives,125.0
True Positives,2118.0
AUC-ROC,0.9992760252979916
Precision (0),0.9988015914865059
Recall (0),0.9993668821825298
F1-Score (0),0.9990841568728992
Precision (1),0.9697802197802198
Recall (1),0.944271065537227
F1-Score (1),0.9568556584594533
