Metric,Value
True Negatives,104087.0
False Positives,159.0
False Negatives,476.0
True Positives,1385.0
AUC-ROC,0.9229749490064025
Precision (0),0.9954477205129921
Recall (0),0.998474761621549
F1-Score (0),0.9969589433405648
Precision (1),0.897020725388601
Recall (1),0.7442235357334767
F1-Score (1),0.8135095447870778
