Metric,Value
True Negatives,104066.0
False Positives,180.0
False Negatives,403.0
True Positives,1840.0
AUC-ROC,0.9661410055567573
Precision (0),0.9961423963089528
Recall (0),0.998273315043263
F1-Score (0),0.9972067172939175
Precision (1),0.9108910891089109
Recall (1),0.8203299152920196
F1-Score (1),0.8632418484635234
