Metric,Value
True Negatives,104214.0
False Positives,32.0
False Negatives,232.0
True Positives,2011.0
AUC-ROC,0.9992179602024905
Precision (0),0.9977787564866055
Recall (0),0.999693033785469
F1-Score (0),0.9987349778621126
Precision (1),0.9843367596671562
Recall (1),0.8965670976370932
F1-Score (1),0.9384041063929072
