Metric,Value
True Negatives,56264.0
False Positives,88.0
False Negatives,284.0
True Positives,611.0
AUC-ROC,0.9884950324219035
Precision (0),0.9949777180448468
Recall (0),0.9984383872799546
F1-Score (0),0.9967050487156776
Precision (1),0.8741058655221745
Recall (1),0.6826815642458101
F1-Score (1),0.766624843161857
